date,si_hai_you_long_check
2024-12-26,
2024-12-27,O
2024-12-30,
2024-12-31,
2025-01-02,
2025-01-03,
2025-01-06,O
2025-01-07,
2025-01-08,
2025-01-09,
2025-01-10,
2025-01-13,
2025-01-14,
2025-01-15,
2025-01-16,O
2025-01-17,
2025-01-20,O
2025-01-21,
2025-01-22,
2025-02-03,
2025-02-04,
2025-02-05,O
2025-02-06,
2025-02-07,
2025-02-10,
2025-02-11,O
2025-02-12,
2025-02-13,
2025-02-14,
2025-02-17,O
2025-02-18,
2025-02-19,
2025-02-20,
2025-02-21,O
2025-02-24,
2025-02-25,
2025-02-26,
2025-02-27,
2025-03-03,
2025-03-04,
2025-03-05,
2025-03-06,
2025-03-07,
2025-03-10,
2025-03-11,
2025-03-12,
2025-03-13,
2025-03-14,
2025-03-17,O
2025-03-18,
2025-03-19,
2025-03-20,O
2025-03-21,
2025-03-24,
2025-03-25,
2025-03-26,
2025-03-27,
2025-03-28,
2025-03-31,
2025-04-01,
2025-04-02,
2025-04-07,
2025-04-08,
2025-04-09,
2025-04-10,O
2025-04-11,
2025-04-14,
2025-04-15,O
2025-04-16,
2025-04-17,
2025-04-18,O
2025-04-21,
2025-04-22,
2025-04-23,O
2025-04-24,
2025-04-25,O
2025-04-28,
2025-04-29,
2025-04-30,
2025-05-02,
2025-05-05,
2025-05-06,
2025-05-07,
2025-05-08,O
2025-05-09,
2025-05-12,
2025-05-13,O
2025-05-14,
2025-05-15,
2025-05-16,
2025-05-19,
2025-05-20,
2025-05-21,O
2025-05-22,
2025-05-23,
2025-05-26,
2025-05-27,
2025-05-28,
2025-05-29,
2025-06-02,
2025-06-03,
2025-06-04,O
2025-06-05,
2025-06-06,
2025-06-09,
2025-06-10,
2025-06-18,
2025-06-19,
2025-06-20,
2025-06-23,
2025-06-24,O
2025-06-25,
2025-06-26,
2025-06-27,
2025-06-30,
2025-07-01,O
2025-07-02,
2025-07-03,
2025-07-04,
2025-07-07,
2025-07-08,
2025-07-09,O
2025-07-10,
2025-07-11,
2025-07-14,
2025-07-15,O
2025-07-16,
2025-07-17,
2025-07-18,
2025-07-21,
