ts,Open,High,Low,Close,Volume,ma5,ma10,ma20,ma60,ma120,RSV,%K,%D,MACD,Signal,Histogram,ma5,ma10,ma20,ma60,ma120
2024-04-08,36.9,37.15,36.9,37.15,521,37.15,37.15,37.15,37.15,37.15,100.0,100.0,100.0,0.0,0.0,0.0,37.15,37.15,37.15,37.15,37.15
2024-04-09,37.27,37.51,37.27,37.5,387,37.33,37.33,37.33,37.33,37.33,98.36,99.45,99.82,0.03,0.01,0.02,37.33,37.33,37.33,37.33,37.33
2024-04-10,37.5,37.5,37.33,37.35,352,37.33,37.33,37.33,37.33,37.33,73.77,90.89,96.84,0.04,0.01,0.03,37.33,37.33,37.33,37.33,37.33
2024-04-11,37.47,37.47,37.33,37.33,342,37.33,37.33,37.33,37.33,37.33,70.49,84.09,92.59,0.04,0.02,0.03,37.33,37.33,37.33,37.33,37.33
2024-04-12,37.4,37.54,37.3,37.51,291,37.37,37.37,37.37,37.37,37.37,95.31,87.83,91.01,0.06,0.03,0.04,37.37,37.37,37.37,37.37,37.37
2024-04-15,37.48,37.48,36.68,36.83,777,37.3,37.28,37.28,37.28,37.28,17.44,64.37,82.13,0.01,0.02,-0.01,37.3,37.28,37.28,37.28,37.28
2024-04-16,36.66,36.66,36.33,36.42,790,37.09,37.16,37.16,37.16,37.16,7.44,45.39,69.88,-0.06,0.01,-0.06,37.09,37.16,37.16,37.16,37.16
2024-04-17,36.42,36.59,36.42,36.5,453,36.92,37.07,37.07,37.07,37.07,14.05,34.94,58.24,-0.1,-0.01,-0.09,36.92,37.07,37.07,37.07,37.07
2024-04-18,36.5,36.5,36.36,36.39,418,36.73,37.0,37.0,37.0,37.0,4.96,24.95,47.14,-0.14,-0.03,-0.11,36.73,37.0,37.0,37.0,37.0
2024-04-19,36.35,36.35,35.48,35.77,1188,36.38,36.88,36.88,36.88,36.88,14.5,21.47,38.58,-0.22,-0.07,-0.15,36.38,36.88,36.88,36.88,36.88
2024-04-22,36.1,36.8,36.1,36.67,835,36.35,36.83,36.86,36.86,36.86,90.15,44.36,40.51,-0.2,-0.09,-0.11,36.35,36.83,36.86,36.86,36.86
2024-04-23,36.83,37.17,36.83,37.01,357,36.47,36.78,36.87,36.87,36.87,90.53,59.75,46.92,-0.15,-0.1,-0.05,36.47,36.78,36.87,36.87,36.87
2024-04-24,37.01,37.14,36.97,37.14,186,36.6,36.76,36.89,36.89,36.89,98.22,72.58,55.47,-0.1,-0.1,0.0,36.6,36.76,36.89,36.89,36.89
2024-04-25,37.14,37.14,36.9,36.99,183,36.72,36.72,36.9,36.9,36.9,89.35,78.17,63.04,-0.07,-0.1,0.02,36.72,36.72,36.9,36.9,36.9
2024-04-26,36.99,37.3,36.99,37.18,319,37.0,36.69,36.92,36.92,36.92,90.0,82.11,69.4,-0.04,-0.09,0.05,37.0,36.69,36.92,36.92,36.92
2024-04-29,37.18,37.34,37.18,37.25,291,37.11,36.73,36.94,36.94,36.94,82.35,82.19,73.66,-0.0,-0.07,0.07,37.11,36.73,36.94,36.94,36.94
2024-04-30,37.3,37.4,37.25,37.39,266,37.19,36.83,36.96,36.96,36.96,98.0,87.46,78.26,0.03,-0.05,0.09,37.19,36.83,36.96,36.96,36.96
2024-05-02,37.39,37.39,37.22,37.35,251,37.23,36.91,36.98,36.98,36.98,90.0,88.31,81.61,0.06,-0.03,0.09,37.23,36.91,36.98,36.98,36.98
2024-05-03,37.41,37.45,37.21,37.21,292,37.28,37.0,37.0,37.0,37.0,47.83,74.81,79.34,0.06,-0.02,0.08,37.28,37.0,37.0,37.0,37.0
2024-05-06,37.15,37.2,36.8,36.94,839,37.23,37.11,36.99,36.99,36.99,21.54,57.06,71.91,0.04,-0.01,0.05,37.23,37.11,36.99,36.99,36.99
2024-05-07,36.94,36.94,36.6,36.61,500,37.1,37.11,36.97,36.98,36.98,1.18,38.43,60.75,-0.0,-0.01,0.0,37.1,37.11,36.97,36.98,36.98
2024-05-08,36.61,36.81,36.53,36.6,413,36.94,37.07,36.92,36.96,36.96,7.61,28.16,49.89,-0.04,-0.01,-0.03,36.94,37.07,36.92,36.96,36.96
2024-05-09,36.6,36.73,36.41,36.43,366,36.76,36.99,36.88,36.94,36.94,1.92,19.41,39.73,-0.08,-0.02,-0.05,36.76,36.99,36.88,36.94,36.94
2024-05-10,36.32,36.46,36.26,36.33,648,36.58,36.93,36.83,36.91,36.91,7.45,15.42,31.63,-0.11,-0.04,-0.07,36.58,36.93,36.83,36.91,36.91
2024-05-13,36.33,36.35,36.02,36.23,568,36.44,36.83,36.76,36.88,36.88,22.83,17.89,27.05,-0.15,-0.06,-0.09,36.44,36.83,36.76,36.88,36.88
2024-05-14,36.3,36.64,36.3,36.6,489,36.44,36.77,36.75,36.87,36.87,73.42,36.4,30.17,-0.14,-0.07,-0.06,36.44,36.77,36.75,36.87,36.87
2024-05-15,36.77,36.77,36.48,36.52,630,36.42,36.68,36.76,36.86,36.86,66.67,46.49,35.61,-0.14,-0.09,-0.05,36.42,36.68,36.76,36.86,36.86
2024-05-16,36.55,36.62,36.37,36.39,782,36.41,36.59,36.75,36.84,36.84,49.33,47.44,39.55,-0.14,-0.1,-0.05,36.41,36.59,36.75,36.84,36.84
2024-05-17,36.45,36.65,36.45,36.64,596,36.48,36.53,36.76,36.84,36.84,82.67,59.18,46.09,-0.12,-0.1,-0.02,36.48,36.53,36.76,36.84,36.84
2024-05-20,36.65,36.98,36.65,36.96,311,36.62,36.53,36.82,36.84,36.84,97.06,71.81,54.66,-0.08,-0.1,0.02,36.62,36.53,36.82,36.84,36.84
2024-05-21,36.96,36.96,36.78,36.79,195,36.66,36.55,36.83,36.84,36.84,68.85,70.82,60.05,-0.06,-0.09,0.03,36.66,36.55,36.83,36.84,36.84
2024-05-22,36.8,37.04,36.8,37.02,363,36.76,36.59,36.83,36.84,36.84,97.01,79.55,66.55,-0.03,-0.08,0.05,36.76,36.59,36.83,36.84,36.84
2024-05-23,37.02,37.1,36.93,37.07,502,36.9,36.66,36.83,36.85,36.85,95.38,84.83,72.64,0.01,-0.06,0.07,36.9,36.66,36.83,36.85,36.85
2024-05-24,37.2,37.42,37.2,37.37,760,37.04,36.76,36.84,36.87,36.87,93.51,87.72,77.67,0.05,-0.04,0.1,37.04,36.76,36.84,36.87,36.87
2024-05-27,37.4,37.6,37.4,37.45,430,37.14,36.88,36.86,36.88,36.88,81.71,85.72,80.35,0.1,-0.02,0.11,37.14,36.88,36.86,36.88,36.88
2024-05-28,37.44,37.44,37.25,37.3,368,37.24,36.95,36.86,36.89,36.89,62.5,77.98,79.56,0.11,0.01,0.11,37.24,36.95,36.86,36.89,36.89
2024-05-29,37.3,37.3,36.93,36.97,764,37.23,37.0,36.84,36.9,36.9,5.97,53.98,71.03,0.09,0.02,0.07,37.23,37.0,36.84,36.9,36.9
2024-05-30,36.96,36.96,36.8,36.82,141,37.18,37.04,36.81,36.89,36.89,2.5,36.82,59.63,0.07,0.03,0.04,37.18,37.04,36.81,36.89,36.89
2024-05-31,36.95,37.0,36.89,36.91,156,37.09,37.07,36.8,36.89,36.89,13.75,29.13,49.46,0.05,0.03,0.02,37.09,37.07,36.8,36.89,36.89
2024-06-03,36.91,38.1,36.91,37.77,1091,37.15,37.15,36.84,36.92,36.92,74.62,44.29,47.74,0.11,0.05,0.07,37.15,37.15,36.84,36.92,36.92
2024-06-04,37.94,38.25,36.75,36.75,1750,37.04,37.14,36.85,36.91,36.91,0.0,29.53,41.67,0.07,0.05,0.02,37.04,37.14,36.85,36.91,36.91
2024-06-05,36.3,36.41,36.0,36.41,2327,36.93,37.08,36.84,36.9,36.9,18.22,25.76,36.36,0.01,0.04,-0.04,36.93,37.08,36.84,36.9,36.9
2024-06-06,36.75,37.45,36.71,37.41,943,37.05,37.12,36.89,36.91,36.91,62.67,38.06,36.93,0.05,0.05,0.0,37.05,37.12,36.89,36.91,36.91
2024-06-07,37.4,37.43,37.18,37.41,686,37.15,37.12,36.94,36.92,36.92,62.67,46.26,40.04,0.08,0.05,0.03,37.15,37.12,36.94,36.92,36.92
2024-06-11,37.45,38.03,37.45,38.0,910,37.2,37.17,37.03,36.95,36.95,88.89,60.47,46.85,0.15,0.07,0.08,37.2,37.17,37.03,36.95,36.95
2024-06-12,37.9,38.15,37.89,38.15,289,37.48,37.26,37.11,36.97,36.97,100.0,73.65,55.78,0.21,0.09,0.12,37.48,37.26,37.11,36.97,36.97
2024-06-13,38.15,38.15,38.05,38.12,414,37.82,37.37,37.19,37.0,37.0,97.92,81.74,64.43,0.25,0.12,0.13,37.82,37.37,37.19,37.0,37.0
2024-06-14,38.2,38.2,38.05,38.16,409,37.97,37.51,37.27,37.02,37.02,96.08,86.52,71.8,0.28,0.15,0.13,37.97,37.51,37.27,37.02,37.02
2024-06-17,38.2,38.41,38.2,38.35,302,38.16,37.65,37.36,37.05,37.05,93.75,88.93,77.51,0.31,0.18,0.13,38.16,37.65,37.36,37.05,37.05
2024-06-18,38.36,38.5,38.36,38.45,223,38.25,37.72,37.43,37.08,37.08,91.8,89.89,81.63,0.34,0.21,0.13,38.25,37.72,37.43,37.08,37.08
2024-06-19,38.47,38.58,38.15,38.25,739,38.27,37.87,37.51,37.1,37.1,37.74,72.5,78.59,0.34,0.23,0.1,38.27,37.87,37.51,37.1,37.1
2024-06-20,38.29,38.41,38.27,38.36,319,38.31,38.07,37.57,37.12,37.12,58.49,67.83,75.0,0.34,0.25,0.09,38.31,38.07,37.57,37.12,37.12
2024-06-21,38.4,38.4,38.27,38.27,272,38.34,38.15,37.63,37.15,37.15,27.91,54.52,68.18,0.33,0.27,0.06,38.34,38.15,37.63,37.15,37.15
2024-06-24,38.3,38.3,38.04,38.24,396,38.31,38.24,37.68,37.17,37.17,37.04,48.69,61.68,0.31,0.27,0.04,38.31,38.24,37.68,37.17,37.17
2024-06-25,38.26,38.43,38.26,38.43,200,38.31,38.28,37.73,37.19,37.19,72.22,56.54,59.97,0.31,0.28,0.03,38.31,38.28,37.73,37.19,37.19
2024-06-26,38.58,38.84,38.58,38.84,355,38.43,38.35,37.8,37.22,37.22,100.0,71.02,63.65,0.34,0.29,0.05,38.43,38.35,37.8,37.22,37.22
2024-06-27,38.89,39.22,38.89,39.08,374,38.57,38.44,37.91,37.25,37.25,88.14,76.73,68.01,0.37,0.31,0.07,38.57,38.44,37.91,37.25,37.25
2024-06-28,39.4,39.56,39.4,39.54,287,38.83,38.58,38.04,37.29,37.29,98.68,84.05,73.36,0.43,0.33,0.1,38.83,38.58,38.04,37.29,37.29
2024-07-01,39.49,39.49,39.27,39.39,363,39.06,38.68,38.17,37.33,37.33,86.92,85.01,77.24,0.46,0.35,0.11,39.06,38.68,38.17,37.33,37.33
2024-07-02,39.41,39.71,39.41,39.67,391,39.3,38.81,38.26,37.37,37.37,96.46,88.82,81.1,0.49,0.38,0.11,39.3,38.81,38.26,37.37,37.37
2024-07-03,39.77,39.92,39.73,39.91,235,39.52,38.97,38.42,37.41,37.41,99.03,92.23,84.81,0.53,0.41,0.12,39.52,38.97,38.42,37.41,37.41
2024-07-04,39.92,40.01,39.92,39.96,332,39.69,39.13,38.6,37.45,37.45,93.24,92.56,87.39,0.55,0.43,0.12,39.69,39.13,38.6,37.45,37.45
2024-07-05,39.94,39.94,39.61,39.67,474,39.72,39.27,38.71,37.49,37.48,54.05,79.73,84.84,0.53,0.45,0.08,39.72,39.27,38.71,37.49,37.48
2024-07-08,39.7,39.95,39.7,39.84,388,39.81,39.43,38.83,37.53,37.52,71.67,77.04,82.24,0.53,0.46,0.06,39.81,39.43,38.83,37.53,37.52
2024-07-09,39.9,40.15,39.9,40.15,261,39.91,39.6,38.94,37.58,37.56,100.0,84.69,83.06,0.54,0.48,0.06,39.91,39.6,38.94,37.58,37.56
2024-07-10,40.15,40.29,39.93,39.95,436,39.91,39.72,39.03,37.63,37.6,50.0,73.13,79.75,0.52,0.49,0.04,39.91,39.72,39.03,37.63,37.6
2024-07-11,40.08,40.25,39.99,39.99,476,39.92,39.81,39.12,37.69,37.63,55.88,67.38,75.63,0.5,0.49,0.01,39.92,39.81,39.12,37.69,37.63
2024-07-12,40.27,40.27,40.03,40.24,218,40.03,39.88,39.23,37.75,37.67,91.53,75.43,75.56,0.5,0.49,0.01,40.03,39.88,39.23,37.75,37.67
2024-07-15,40.34,40.57,40.34,40.57,294,40.18,40.0,39.34,37.82,37.71,100.0,83.62,78.25,0.52,0.5,0.02,40.18,40.0,39.34,37.82,37.71
2024-07-16,40.57,40.71,40.35,40.71,431,40.29,40.1,39.45,37.9,37.76,100.0,89.08,81.86,0.54,0.5,0.03,40.29,40.1,39.45,37.9,37.76
2024-07-17,40.71,40.85,40.69,40.79,401,40.46,40.19,39.58,37.97,37.8,93.02,90.39,84.7,0.55,0.51,0.04,40.46,40.19,39.58,37.97,37.8
2024-07-18,40.79,40.79,40.4,40.49,871,40.56,40.24,39.69,38.03,37.84,56.1,78.96,82.79,0.52,0.51,0.01,40.56,40.24,39.69,38.03,37.84
2024-07-19,40.66,41.0,40.66,40.76,494,40.66,40.35,39.81,38.09,37.88,63.64,73.85,79.81,0.51,0.51,0.0,40.66,40.35,39.81,38.09,37.88
2024-07-22,40.62,40.77,40.26,40.68,523,40.69,40.43,39.93,38.15,37.91,56.76,68.15,75.93,0.49,0.51,-0.02,40.69,40.43,39.93,38.15,37.91
2024-07-23,40.68,40.68,40.43,40.44,507,40.63,40.46,40.03,38.21,37.95,24.32,53.54,68.46,0.45,0.5,-0.05,40.63,40.46,40.03,38.21,37.95
2024-07-26,40.33,40.72,40.31,40.69,464,40.61,40.54,40.13,38.26,37.98,58.11,55.07,64.0,0.43,0.49,-0.06,40.61,40.54,40.13,38.26,37.98
2024-07-29,41.0,41.2,40.97,41.16,650,40.75,40.65,40.23,38.33,38.03,95.74,68.63,65.54,0.45,0.48,-0.03,40.75,40.65,40.23,38.33,38.03
2024-07-30,41.16,41.16,40.92,41.13,429,40.82,40.74,40.31,38.39,38.07,92.55,76.6,69.23,0.45,0.48,-0.02,40.82,40.74,40.31,38.39,38.07
2024-07-31,41.0,41.17,41.0,41.17,149,40.92,40.8,40.4,38.46,38.1,96.63,83.28,73.91,0.45,0.47,-0.02,40.92,40.8,40.4,38.46,38.1
2024-08-01,41.2,41.28,41.07,41.23,244,41.08,40.85,40.48,38.53,38.14,94.85,87.13,78.32,0.45,0.47,-0.02,41.08,40.85,40.48,38.53,38.14
2024-08-02,41.2,41.2,40.83,40.93,623,41.12,40.87,40.53,38.6,38.18,22.22,65.5,74.04,0.41,0.46,-0.05,41.12,40.87,40.53,38.6,38.18
2024-08-05,40.04,40.04,39.0,39.0,1880,40.69,40.72,40.48,38.64,38.19,0.0,43.66,63.92,0.21,0.41,-0.2,40.69,40.72,40.48,38.64,38.19
2024-08-06,39.0,39.78,39.0,39.34,990,40.33,40.58,40.46,38.69,38.2,14.91,34.08,53.97,0.09,0.35,-0.27,40.33,40.58,40.46,38.69,38.2
2024-08-07,39.13,40.07,39.13,40.01,878,40.1,40.51,40.47,38.75,38.22,44.3,37.49,48.48,0.05,0.3,-0.25,40.1,40.51,40.47,38.75,38.22
2024-08-08,39.81,39.81,39.44,39.47,300,39.75,40.41,40.44,38.8,38.24,21.36,32.11,43.02,-0.02,0.24,-0.26,39.75,40.41,40.44,38.8,38.24
2024-08-09,39.5,39.88,39.5,39.68,391,39.5,40.31,40.42,38.85,38.25,63.55,42.59,42.88,-0.06,0.19,-0.24,39.5,40.31,40.42,38.85,38.25
2024-08-12,39.8,39.8,39.56,39.76,352,39.65,40.17,40.41,38.91,38.27,71.03,52.07,45.94,-0.08,0.14,-0.21,39.65,40.17,40.41,38.91,38.27
2024-08-13,39.83,39.83,39.59,39.6,246,39.7,40.02,40.38,38.96,38.29,50.0,51.38,47.76,-0.1,0.1,-0.2,39.7,40.02,40.38,38.96,38.29
2024-08-14,39.55,39.55,39.2,39.26,724,39.55,39.83,40.32,39.0,38.3,8.82,37.19,44.23,-0.15,0.05,-0.2,39.55,39.83,40.32,39.0,38.3
2024-08-15,39.28,39.45,39.22,39.39,351,39.54,39.64,40.25,39.05,38.31,27.94,34.11,40.86,-0.17,0.01,-0.18,39.54,39.64,40.25,39.05,38.31
2024-08-16,39.78,39.78,39.43,39.51,619,39.5,39.5,40.18,39.09,38.32,49.21,39.14,40.29,-0.17,-0.02,-0.15,39.5,39.5,40.18,39.09,38.32
2024-08-19,40.1,40.1,39.6,39.6,621,39.47,39.56,40.14,39.13,38.34,44.44,40.91,40.49,-0.16,-0.05,-0.11,39.47,39.56,40.14,39.13,38.34
2024-08-20,39.76,39.76,39.55,39.65,192,39.48,39.59,40.08,39.18,38.35,50.0,43.94,41.64,-0.15,-0.07,-0.08,39.48,39.59,40.08,39.18,38.35
2024-08-21,39.65,39.74,39.65,39.7,179,39.57,39.56,40.04,39.22,38.37,54.55,47.48,43.59,-0.13,-0.08,-0.05,39.57,39.56,40.04,39.22,38.37
2024-08-22,39.88,39.92,39.79,39.85,206,39.66,39.6,40.01,39.26,38.38,62.69,52.55,46.57,-0.1,-0.08,-0.02,39.66,39.6,40.01,39.26,38.38
2024-08-23,39.8,40.01,39.8,40.0,936,39.76,39.63,39.97,39.3,38.4,81.82,62.3,51.82,-0.07,-0.08,0.01,39.76,39.63,39.97,39.3,38.4
2024-08-26,40.0,40.08,39.94,40.0,868,39.84,39.66,39.91,39.35,38.41,84.91,69.84,57.82,-0.04,-0.07,0.03,39.84,39.66,39.91,39.35,38.41
2024-08-27,40.0,40.0,39.9,39.92,401,39.89,39.69,39.85,39.4,38.43,62.79,67.49,61.05,-0.03,-0.06,0.04,39.89,39.69,39.85,39.4,38.43
2024-08-28,39.92,40.08,39.92,40.02,170,39.96,39.76,39.8,39.45,38.45,79.31,71.43,64.51,-0.01,-0.05,0.05,39.96,39.76,39.8,39.45,38.45
2024-08-29,39.99,40.2,39.95,40.11,153,40.01,39.84,39.74,39.49,38.46,77.5,73.45,67.49,0.02,-0.04,0.06,40.01,39.84,39.74,39.49,38.46
2024-08-30,40.13,40.32,40.13,40.31,213,40.07,39.92,39.71,39.55,38.48,97.62,81.51,72.16,0.05,-0.03,0.07,40.07,39.92,39.71,39.55,38.48
2024-09-02,40.31,40.57,40.31,40.55,224,40.18,40.01,39.79,39.62,38.5,97.01,86.68,77.0,0.09,-0.0,0.1,40.18,40.01,39.79,39.62,38.5
2024-09-03,40.5,40.5,40.36,40.42,174,40.28,40.09,39.84,39.67,38.52,76.92,83.43,79.14,0.11,0.02,0.1,40.28,40.09,39.84,39.67,38.52
2024-09-04,40.2,40.23,39.96,40.19,642,40.32,40.14,39.85,39.72,38.54,38.71,68.52,75.6,0.11,0.03,0.07,40.32,40.14,39.85,39.72,38.54
2024-09-05,40.37,40.44,40.28,40.29,274,40.35,40.18,39.89,39.76,38.55,54.1,63.71,71.64,0.11,0.05,0.06,40.35,40.18,39.89,39.76,38.55
2024-09-06,40.08,40.17,39.73,39.8,446,40.25,40.16,39.9,39.78,38.56,8.33,45.25,62.84,0.07,0.05,0.01,40.25,40.16,39.9,39.78,38.56
2024-09-09,39.5,39.88,39.5,39.88,208,40.12,40.15,39.9,39.81,38.58,38.0,42.84,56.17,0.04,0.05,-0.01,40.12,40.15,39.9,39.81,38.58
2024-09-10,39.89,40.11,39.89,40.02,100,40.04,40.16,39.92,39.84,38.59,55.32,47.0,53.11,0.03,0.05,-0.01,40.04,40.16,39.92,39.84,38.59
2024-09-11,40.04,40.15,40.02,40.12,174,40.02,40.17,39.97,39.87,38.6,65.96,53.32,53.18,0.03,0.04,-0.01,40.02,40.17,39.97,39.87,38.6
2024-09-12,40.12,40.21,40.07,40.11,242,39.99,40.17,40.0,39.9,38.62,85.92,64.18,56.85,0.03,0.04,-0.01,39.99,40.17,40.0,39.9,38.62
2024-09-13,40.43,40.52,40.41,40.5,204,40.13,40.19,40.05,39.94,38.63,98.04,75.47,63.06,0.07,0.05,0.02,40.13,40.19,40.05,39.94,38.63
2024-09-16,40.77,40.77,40.45,40.53,174,40.26,40.19,40.1,39.98,38.65,72.73,74.55,66.89,0.09,0.06,0.04,40.26,40.19,40.1,39.98,38.65
2024-09-18,40.53,40.53,40.2,40.31,199,40.31,40.17,40.13,40.01,38.67,38.67,62.59,65.46,0.09,0.06,0.03,40.31,40.17,40.13,40.01,38.67
2024-09-19,40.43,40.78,40.42,40.65,238,40.42,40.22,40.18,40.05,38.68,81.69,68.96,66.62,0.12,0.07,0.05,40.42,40.22,40.18,40.05,38.68
2024-09-20,40.65,40.81,40.56,40.78,288,40.55,40.27,40.23,40.09,38.7,95.08,77.67,70.3,0.15,0.09,0.06,40.55,40.27,40.23,40.09,38.7
2024-09-23,41.13,41.4,41.12,41.34,402,40.72,40.42,40.29,40.13,38.72,95.0,83.44,74.68,0.22,0.11,0.11,40.72,40.42,40.29,40.13,38.72
2024-09-24,41.54,41.72,41.54,41.65,420,40.95,40.6,40.38,40.17,38.75,95.39,87.43,78.93,0.29,0.14,0.15,40.95,40.6,40.38,40.17,38.75
2024-09-25,41.63,41.63,41.35,41.36,275,41.16,40.74,40.45,40.2,38.77,72.31,82.39,80.08,0.31,0.17,0.14,41.16,40.74,40.45,40.2,38.77
2024-09-26,41.46,41.8,41.46,41.76,340,41.38,40.9,40.53,40.24,38.8,96.77,87.18,82.45,0.36,0.21,0.15,41.38,40.9,40.53,40.24,38.8
2024-09-27,41.76,41.83,41.55,41.64,1360,41.55,41.05,40.61,40.28,38.82,73.24,82.54,82.48,0.38,0.24,0.14,41.55,41.05,40.61,40.28,38.82
2024-09-30,41.64,41.64,40.99,41.04,304,41.49,41.11,40.65,40.29,38.85,5.95,57.01,73.99,0.33,0.26,0.08,41.49,41.11,40.65,40.29,38.85
2024-10-01,40.96,41.11,40.9,40.91,310,41.34,41.14,40.66,40.31,38.88,1.08,38.36,62.11,0.28,0.26,0.02,41.34,41.14,40.66,40.31,38.88
2024-10-04,40.47,40.6,40.24,40.43,771,41.16,41.16,40.67,40.32,38.91,11.95,29.56,51.26,0.2,0.25,-0.05,41.16,41.16,40.67,40.32,38.91
2024-10-07,40.41,40.41,39.88,39.88,681,40.78,41.08,40.65,40.32,38.93,0.0,19.71,40.74,0.09,0.22,-0.13,40.78,41.08,40.65,40.32,38.93
2024-10-08,39.84,39.84,39.46,39.71,868,40.39,40.97,40.62,40.32,38.95,11.47,16.96,32.82,-0.01,0.18,-0.19,40.39,40.97,40.62,40.32,38.95
2024-10-09,39.8,40.2,39.8,40.17,430,40.22,40.86,40.64,40.32,38.97,43.03,25.65,30.43,-0.05,0.14,-0.18,40.22,40.86,40.64,40.32,38.97
2024-10-11,40.1,40.1,39.7,39.84,391,40.01,40.67,40.64,40.32,39.0,33.33,28.21,29.69,-0.1,0.09,-0.19,40.01,40.67,40.64,40.32,39.0
2024-10-14,40.0,40.05,39.8,40.03,264,39.93,40.54,40.64,40.31,39.03,60.0,38.81,32.73,-0.12,0.05,-0.18,39.93,40.54,40.64,40.31,39.03
2024-10-15,40.19,40.19,39.85,39.9,409,39.93,40.35,40.63,40.3,39.06,59.46,45.69,37.05,-0.15,0.02,-0.16,39.93,40.35,40.63,40.3,39.06
2024-10-16,39.85,39.99,39.76,39.85,318,39.96,40.18,40.61,40.29,39.1,30.0,40.46,38.19,-0.17,-0.02,-0.15,39.96,40.18,40.61,40.29,39.1
2024-10-17,39.85,39.87,39.6,39.61,361,39.85,40.03,40.57,40.27,39.12,1.69,27.54,34.64,-0.2,-0.05,-0.15,39.85,40.03,40.57,40.27,39.12
2024-10-18,39.5,39.5,39.1,39.36,861,39.75,39.88,40.51,40.25,39.14,23.85,26.31,31.86,-0.24,-0.08,-0.16,39.75,39.88,40.51,40.25,39.14
2024-10-21,39.36,39.5,39.09,39.23,362,39.59,39.76,40.46,40.22,39.16,12.73,21.78,28.5,-0.28,-0.12,-0.16,39.59,39.76,40.46,40.22,39.16
2024-10-22,39.29,39.51,39.18,39.26,346,39.46,39.7,40.39,40.2,39.18,18.89,20.82,25.94,-0.3,-0.15,-0.15,39.46,39.7,40.39,40.2,39.18
2024-10-23,39.0,39.0,38.77,38.92,643,39.28,39.62,40.29,40.18,39.19,13.64,18.42,23.44,-0.34,-0.19,-0.15,39.28,39.62,40.29,40.18,39.19
2024-10-24,38.88,38.88,38.65,38.72,290,39.1,39.47,40.16,40.14,39.2,8.14,15.0,20.62,-0.38,-0.22,-0.16,39.1,39.47,40.16,40.14,39.2
2024-10-25,38.72,38.72,38.31,38.31,617,38.89,39.32,40.0,40.1,39.21,0.0,10.0,17.08,-0.44,-0.26,-0.18,38.89,39.32,40.0,40.1,39.21
2024-10-28,38.32,38.77,38.32,38.73,472,38.79,39.19,39.86,40.06,39.22,35.0,18.33,17.5,-0.44,-0.29,-0.15,38.79,39.19,39.86,40.06,39.22
2024-10-29,38.74,38.78,38.36,38.4,281,38.62,39.04,39.7,40.01,39.23,13.04,16.57,17.19,-0.46,-0.32,-0.14,38.62,39.04,39.7,40.01,39.23
2024-10-30,38.85,38.87,38.68,38.77,321,38.59,38.93,39.55,39.97,39.25,80.7,37.95,24.11,-0.44,-0.35,-0.09,38.59,38.93,39.55,39.97,39.25
2024-11-01,38.56,38.6,38.21,38.6,214,38.56,38.83,39.43,39.93,39.26,59.09,44.99,31.07,-0.43,-0.36,-0.07,38.56,38.83,39.43,39.93,39.26
2024-11-04,38.47,38.47,37.61,37.61,676,38.42,38.65,39.27,39.91,39.27,0.0,30.0,30.71,-0.5,-0.38,-0.11,38.42,38.65,39.27,39.91,39.27
2024-11-05,37.67,37.94,37.67,37.89,757,38.25,38.52,39.14,39.88,39.28,22.22,27.41,29.61,-0.51,-0.41,-0.11,38.25,38.52,39.14,39.88,39.28
2024-11-06,37.89,38.72,37.89,38.6,515,38.29,38.46,39.08,39.86,39.3,78.57,44.46,34.56,-0.46,-0.42,-0.04,38.29,38.46,39.08,39.86,39.3
2024-11-07,38.65,38.91,38.55,38.58,409,38.26,38.42,39.02,39.84,39.32,74.62,54.51,41.21,-0.41,-0.42,0.01,38.26,38.42,39.02,39.84,39.32
2024-11-08,38.54,38.54,38.15,38.26,560,38.19,38.38,38.92,39.82,39.34,50.0,53.01,45.14,-0.4,-0.41,0.02,38.19,38.38,38.92,39.82,39.34
2024-11-11,38.25,38.46,38.1,38.44,424,38.35,38.39,38.85,39.8,39.35,62.1,56.04,48.77,-0.36,-0.4,0.04,38.35,38.39,38.85,39.8,39.35
2024-11-12,38.44,38.54,38.34,38.34,301,38.44,38.35,38.77,39.78,39.37,44.12,52.06,49.87,-0.34,-0.39,0.05,38.44,38.35,38.77,39.78,39.37
2024-11-13,38.2,38.2,37.84,37.89,327,38.3,38.3,38.67,39.75,39.38,4.67,36.27,45.34,-0.36,-0.39,0.03,38.3,38.3,38.67,39.75,39.38
2024-11-14,37.55,37.77,37.55,37.65,458,38.12,38.19,38.56,39.72,39.39,10.1,27.55,39.41,-0.38,-0.39,0.0,38.12,38.19,38.56,39.72,39.39
2024-11-15,37.65,37.69,37.62,37.66,280,38.0,38.09,38.46,39.69,39.39,11.11,22.07,33.63,-0.4,-0.39,-0.01,38.0,38.09,38.46,39.69,39.39
2024-11-18,37.59,37.6,37.3,37.36,544,37.78,38.07,38.36,39.66,39.4,4.84,16.32,27.86,-0.42,-0.39,-0.03,37.78,38.07,38.36,39.66,39.4
2024-11-19,37.39,37.83,37.38,37.78,344,37.67,38.06,38.29,39.63,39.4,53.33,28.66,28.13,-0.4,-0.4,-0.01,37.67,38.06,38.29,39.63,39.4
2024-11-20,37.71,37.71,37.55,37.66,425,37.62,37.96,38.21,39.59,39.4,67.92,41.75,32.67,-0.39,-0.39,0.01,37.62,37.96,38.21,39.59,39.4
2024-11-21,37.61,37.61,37.23,37.35,332,37.56,37.84,38.13,39.55,39.4,20.0,34.5,33.28,-0.4,-0.39,-0.0,37.56,37.84,38.13,39.55,39.4
2024-11-22,37.35,37.71,37.35,37.64,210,37.56,37.78,38.08,39.51,39.41,68.33,45.78,37.44,-0.37,-0.39,0.02,37.56,37.78,38.08,39.51,39.41
2024-11-25,38.0,38.87,38.0,38.83,392,37.85,37.82,38.1,39.49,39.42,97.56,63.04,45.98,-0.25,-0.36,0.12,37.85,37.82,38.1,39.49,39.42
2024-11-26,38.8,38.8,38.47,38.52,322,38.0,37.83,38.09,39.47,39.44,78.66,68.25,53.4,-0.17,-0.33,0.16,38.0,37.83,38.09,39.47,39.44
2024-11-27,38.61,38.69,38.55,38.58,222,38.18,37.9,38.1,39.44,39.45,82.32,72.94,59.91,-0.11,-0.29,0.18,38.18,37.9,38.1,39.44,39.45
2024-11-28,38.58,38.84,38.44,38.45,408,38.4,37.98,38.08,39.42,39.45,72.37,72.75,64.19,-0.08,-0.25,0.17,38.4,37.98,38.08,39.42,39.45
2024-11-29,38.44,38.44,38.12,38.37,165,38.55,38.05,38.07,39.38,39.47,42.53,62.67,63.68,-0.06,-0.22,0.16,38.55,38.05,38.07,39.38,39.47
2024-12-02,38.72,38.72,38.29,38.5,216,38.48,38.17,38.12,39.35,39.49,52.78,59.38,62.25,-0.03,-0.18,0.15,38.48,38.17,38.12,39.35,39.49
2024-12-03,38.6,38.94,38.6,38.94,218,38.57,38.28,38.17,39.33,39.5,100.0,72.92,65.8,0.03,-0.14,0.17,38.57,38.28,38.17,39.33,39.5
2024-12-04,38.94,39.06,38.87,39.0,271,38.65,38.42,38.19,39.31,39.51,93.62,79.82,70.48,0.08,-0.1,0.18,38.65,38.42,38.19,39.31,39.51
2024-12-05,38.94,38.94,38.63,38.63,245,38.69,38.55,38.19,39.28,39.52,54.26,71.3,70.75,0.08,-0.07,0.15,38.69,38.55,38.19,39.28,39.52
2024-12-06,39.0,39.2,39.0,39.15,594,38.84,38.7,38.24,39.27,39.53,94.51,79.03,73.51,0.13,-0.03,0.16,38.84,38.7,38.24,39.27,39.53
2024-12-09,39.15,39.15,38.98,39.06,242,38.96,38.72,38.27,39.25,39.53,76.67,78.24,75.09,0.15,0.0,0.15,38.96,38.72,38.27,39.25,39.53
2024-12-10,39.06,39.12,38.97,38.99,241,38.97,38.77,38.3,39.24,39.54,63.16,73.22,74.46,0.16,0.03,0.13,38.97,38.77,38.3,39.24,39.54
2024-12-11,38.99,39.11,38.96,39.11,224,38.99,38.82,38.36,39.22,39.55,84.21,76.88,75.27,0.17,0.06,0.12,38.99,38.82,38.36,39.22,39.55
2024-12-12,39.11,39.13,38.95,38.98,478,39.06,38.87,38.43,39.2,39.55,12.0,55.25,68.6,0.17,0.08,0.09,39.06,38.87,38.43,39.2,39.55
2024-12-13,38.95,38.95,38.25,38.29,354,38.89,38.86,38.46,39.16,39.55,4.44,38.32,58.5,0.11,0.08,0.02,38.89,38.86,38.46,39.16,39.55
2024-12-16,39.05,39.18,38.95,38.97,448,38.87,38.91,38.54,39.14,39.56,77.42,51.35,56.12,0.11,0.09,0.03,38.87,38.91,38.54,39.14,39.56
2024-12-17,38.95,38.95,38.61,38.68,294,38.81,38.89,38.58,39.11,39.56,46.24,49.65,53.96,0.09,0.09,0.0,38.81,38.89,38.58,39.11,39.56
2024-12-18,38.55,38.55,38.3,38.3,527,38.64,38.82,38.62,39.07,39.56,5.38,34.89,47.6,0.04,0.08,-0.04,38.64,38.82,38.62,39.07,39.56
2024-12-19,38.0,38.04,37.82,37.96,509,38.44,38.75,38.65,39.02,39.56,10.29,26.69,40.63,-0.02,0.06,-0.09,38.44,38.75,38.65,39.02,39.56
2024-12-20,37.82,38.0,37.7,37.91,236,38.36,38.62,38.66,38.97,39.55,14.19,22.52,34.6,-0.08,0.04,-0.11,38.36,38.62,38.66,38.97,39.55
2024-12-23,37.89,37.89,37.6,37.76,411,38.12,38.49,38.61,38.9,39.54,11.85,18.97,29.39,-0.13,0.01,-0.14,38.12,38.49,38.61,38.9,39.54
2024-12-24,37.76,37.81,37.6,37.78,671,37.94,38.37,38.57,38.84,39.52,18.95,18.96,25.91,-0.16,-0.02,-0.14,37.94,38.37,38.57,38.84,39.52
2024-12-25,37.78,37.78,37.58,37.63,238,37.81,38.23,38.52,38.77,39.51,10.87,16.26,22.7,-0.2,-0.06,-0.14,37.81,38.23,38.52,38.77,39.51
2024-12-26,37.66,37.72,37.53,37.54,433,37.72,38.08,38.48,38.71,39.49,2.13,11.55,18.98,-0.23,-0.09,-0.14,37.72,38.08,38.48,38.71,39.49
2024-12-27,37.72,37.85,37.71,37.78,781,37.7,38.03,38.45,38.65,39.47,69.44,30.85,22.94,-0.23,-0.11,-0.11,37.7,38.03,38.45,38.65,39.47
2024-12-30,37.77,37.77,37.41,37.57,363,37.66,37.89,38.4,38.6,39.45,36.36,32.69,26.19,-0.24,-0.14,-0.1,37.66,37.89,38.4,38.6,39.45
2024-12-31,37.41,37.41,37.08,37.23,524,37.55,37.75,38.32,38.54,39.43,19.48,28.29,26.89,-0.27,-0.16,-0.11,37.55,37.75,38.32,38.54,39.43
2025-01-02,37.32,37.6,37.32,37.6,521,37.54,37.68,38.25,38.5,39.41,67.53,41.37,31.71,-0.26,-0.18,-0.08,37.54,37.68,38.25,38.5,39.41
2025-01-03,37.92,38.05,37.82,37.82,377,37.6,37.66,38.21,38.47,39.39,76.29,53.01,38.81,-0.23,-0.19,-0.04,37.6,37.66,38.21,38.47,39.39
2025-01-06,37.84,38.01,37.66,37.69,401,37.58,37.64,38.13,38.43,39.38,62.89,56.3,44.64,-0.21,-0.19,-0.02,37.58,37.64,38.13,38.43,39.38
2025-01-07,37.3,37.35,37.21,37.31,565,37.53,37.6,38.04,38.39,39.35,23.71,45.44,44.91,-0.23,-0.2,-0.03,37.53,37.6,38.04,38.39,39.35
2025-01-08,37.28,37.41,37.17,37.17,204,37.52,37.53,37.95,38.34,39.33,0.0,30.29,40.04,-0.25,-0.21,-0.04,37.52,37.53,37.95,38.34,39.33
2025-01-09,37.28,37.34,37.2,37.2,58,37.44,37.49,37.86,38.3,39.3,3.41,21.33,33.8,-0.26,-0.22,-0.04,37.44,37.49,37.86,38.3,39.3
2025-01-10,37.07,37.1,36.82,36.92,390,37.26,37.43,37.76,38.25,39.27,8.4,17.02,28.21,-0.29,-0.23,-0.06,37.26,37.43,37.76,38.25,39.27
2025-01-13,36.74,36.78,36.6,36.75,353,37.07,37.33,37.68,38.2,39.23,18.52,17.52,24.65,-0.32,-0.25,-0.07,37.07,37.33,37.68,38.2,39.23
2025-01-14,36.6,36.6,36.48,36.57,325,36.92,37.23,37.56,38.15,39.2,9.68,14.91,21.4,-0.35,-0.27,-0.08,36.92,37.23,37.56,38.15,39.2
2025-01-15,36.57,36.61,36.4,36.61,294,36.81,37.16,37.46,38.11,39.17,22.34,17.38,20.06,-0.36,-0.28,-0.08,36.81,37.16,37.46,38.11,39.17
2025-01-16,36.71,36.86,36.71,36.74,425,36.72,37.08,37.38,38.07,39.13,48.57,27.78,22.63,-0.35,-0.3,-0.06,36.72,37.08,37.38,38.07,39.13
2025-01-17,36.57,36.59,36.35,36.35,319,36.6,36.93,37.3,38.02,39.1,0.0,18.52,21.26,-0.38,-0.31,-0.07,36.6,36.93,37.3,38.02,39.1
2025-01-20,36.45,36.6,36.41,36.56,305,36.57,36.82,37.23,37.99,39.07,41.18,26.07,22.87,-0.37,-0.32,-0.05,36.57,36.82,37.23,37.99,39.07
2025-01-21,36.6,36.68,36.3,36.35,732,36.52,36.72,37.16,37.96,39.03,8.93,20.36,22.03,-0.37,-0.33,-0.04,36.52,36.72,37.16,37.96,39.03
2025-01-22,36.29,36.29,36.17,36.24,382,36.45,36.63,37.08,37.91,38.98,10.14,16.95,20.34,-0.38,-0.34,-0.04,36.45,36.63,37.08,37.91,38.98
2025-02-03,36.24,36.45,36.24,36.43,841,36.39,36.55,37.02,37.88,38.95,50.98,28.3,22.99,-0.36,-0.34,-0.02,36.39,36.55,37.02,37.88,38.95
2025-02-04,36.8,37.25,36.8,36.94,808,36.5,36.55,36.99,37.85,38.91,71.3,42.63,29.54,-0.3,-0.34,0.04,36.5,36.55,36.99,37.85,38.91
2025-02-05,37.04,37.46,37.04,37.33,407,36.66,36.61,36.97,37.83,38.88,89.92,58.39,39.16,-0.21,-0.31,0.1,36.66,36.61,36.97,37.83,38.88
2025-02-06,37.33,37.33,36.98,36.98,561,36.78,36.65,36.94,37.82,38.86,62.79,59.86,46.06,-0.18,-0.29,0.11,36.78,36.65,36.94,37.82,38.86
2025-02-07,36.98,36.98,36.7,36.77,503,36.89,36.67,36.92,37.8,38.84,43.44,54.39,48.83,-0.16,-0.27,0.1,36.89,36.67,36.92,37.8,38.84
2025-02-10,36.68,36.69,36.49,36.52,592,36.91,36.65,36.86,37.77,38.81,3.09,37.29,44.99,-0.17,-0.25,0.08,36.91,36.65,36.86,37.77,38.81
2025-02-11,36.59,36.65,36.37,36.37,448,36.79,36.65,36.79,37.73,38.79,0.0,24.86,38.28,-0.19,-0.24,0.05,36.79,36.65,36.79,37.73,38.79
2025-02-12,36.3,36.31,35.91,36.02,935,36.53,36.6,36.71,37.69,38.76,7.75,19.16,31.9,-0.23,-0.24,0.01,36.53,36.6,36.71,37.69,38.76
2025-02-13,36.04,36.4,36.04,36.39,579,36.41,36.6,36.66,37.66,38.73,44.86,27.72,30.51,-0.22,-0.24,0.01,36.41,36.6,36.66,37.66,38.73
2025-02-14,36.3,36.32,35.96,35.99,824,36.26,36.57,36.6,37.62,38.7,10.26,21.9,27.64,-0.25,-0.24,-0.01,36.26,36.57,36.6,37.62,38.7
2025-02-17,35.99,36.0,35.75,35.88,1090,36.13,36.52,36.54,37.59,38.67,14.44,19.42,24.9,-0.27,-0.24,-0.03,36.13,36.52,36.54,37.59,38.67
2025-02-18,35.91,35.98,35.7,35.83,599,36.02,36.41,36.48,37.55,38.64,18.57,19.13,22.98,-0.29,-0.25,-0.04,36.02,36.41,36.48,37.55,38.64
2025-02-19,35.83,36.12,35.79,35.94,418,36.01,36.27,36.44,37.53,38.61,34.29,24.18,23.38,-0.29,-0.26,-0.03,36.01,36.27,36.44,37.53,38.61
2025-02-20,35.94,35.94,35.77,35.86,200,35.9,36.16,36.4,37.5,38.58,25.81,24.73,23.83,-0.29,-0.27,-0.03,35.9,36.16,36.4,37.5,38.58
2025-02-21,35.86,35.93,35.74,35.76,472,35.85,36.06,36.36,37.47,38.55,14.29,21.25,22.97,-0.3,-0.27,-0.02,35.85,36.06,36.36,37.47,38.55
2025-02-24,35.6,35.66,35.45,35.46,911,35.77,35.95,36.3,37.43,38.51,1.49,14.66,20.2,-0.32,-0.28,-0.04,35.77,35.95,36.3,37.43,38.51
2025-02-25,35.45,35.45,35.33,35.36,328,35.68,35.85,36.25,37.4,38.47,3.8,11.04,17.15,-0.34,-0.29,-0.05,35.68,35.85,36.25,37.4,38.47
2025-02-26,35.38,35.42,35.33,35.34,453,35.56,35.78,36.19,37.36,38.43,1.64,7.91,14.07,-0.35,-0.3,-0.05,35.56,35.78,36.19,37.36,38.43
2025-02-27,35.34,35.34,35.17,35.21,462,35.43,35.66,36.13,37.3,38.4,5.26,7.03,11.72,-0.36,-0.31,-0.05,35.43,35.66,36.13,37.3,38.4
2025-03-03,34.92,34.92,34.46,34.49,1040,35.17,35.51,36.04,37.23,38.35,2.5,5.52,9.65,-0.43,-0.33,-0.1,35.17,35.51,36.04,37.23,38.35
2025-03-04,34.4,34.49,34.31,34.45,437,34.97,35.37,35.94,37.16,38.3,12.28,7.77,9.02,-0.48,-0.36,-0.12,34.97,35.37,35.94,37.16,38.3
2025-03-05,34.47,34.81,34.4,34.81,462,34.86,35.27,35.84,37.1,38.26,45.05,20.2,12.75,-0.47,-0.38,-0.09,34.86,35.27,35.84,37.1,38.26
2025-03-06,34.81,35.08,34.81,35.02,555,34.8,35.18,35.72,37.05,38.22,68.93,36.44,20.65,-0.44,-0.39,-0.05,34.8,35.18,35.72,37.05,38.22
2025-03-07,35.1,35.37,35.1,35.37,280,34.83,35.13,35.64,36.99,38.17,100.0,57.63,32.97,-0.38,-0.39,0.01,34.83,35.13,35.64,36.99,38.17
2025-03-10,35.37,35.37,35.15,35.34,409,35.0,35.08,35.57,36.93,38.13,97.17,70.81,45.58,-0.33,-0.38,0.05,35.0,35.08,35.57,36.93,38.13
2025-03-11,35.15,35.15,34.67,35.01,305,35.11,35.04,35.49,36.87,38.09,62.89,68.17,53.11,-0.32,-0.37,0.05,35.11,35.04,35.49,36.87,38.09
2025-03-12,35.09,35.14,34.91,34.93,243,35.13,35.0,35.42,36.81,38.04,37.14,57.83,54.68,-0.31,-0.36,0.05,35.13,35.0,35.42,36.81,38.04
2025-03-13,35.14,35.23,35.11,35.18,336,35.17,34.98,35.38,36.74,38.0,72.86,62.84,57.4,-0.27,-0.34,0.07,35.17,34.98,35.38,36.74,38.0
2025-03-14,35.18,35.19,35.04,35.17,331,35.13,34.98,35.32,36.68,37.96,71.43,65.7,60.17,-0.25,-0.32,0.08,35.13,34.98,35.32,36.68,37.96
2025-03-17,35.26,35.51,35.26,35.4,396,35.14,35.07,35.29,36.62,37.93,86.9,72.77,64.37,-0.2,-0.3,0.1,35.14,35.07,35.29,36.62,37.93
2025-03-18,35.54,35.79,35.54,35.78,278,35.29,35.2,35.29,36.56,37.89,98.86,81.47,70.07,-0.13,-0.27,0.14,35.29,35.2,35.29,36.56,37.89
2025-03-19,35.92,36.09,35.92,36.09,477,35.52,35.33,35.3,36.51,37.86,100.0,87.64,75.93,-0.05,-0.23,0.18,35.52,35.33,35.3,36.51,37.86
2025-03-20,36.17,36.34,36.17,36.25,537,35.74,35.45,35.31,36.48,37.82,93.08,89.46,80.44,0.02,-0.18,0.21,35.74,35.45,35.31,36.48,37.82
2025-03-21,36.55,36.75,36.45,36.75,731,36.05,35.59,35.36,36.44,37.79,100.0,92.97,84.61,0.12,-0.13,0.25,36.05,35.59,35.36,36.44,37.79
2025-03-24,36.81,37.18,36.81,37.18,636,36.41,35.77,35.43,36.42,37.76,100.0,95.31,88.18,0.23,-0.06,0.29,36.41,35.77,35.43,36.42,37.76
2025-03-25,37.4,37.68,37.34,37.5,570,36.75,36.02,35.53,36.4,37.74,89.77,93.47,89.94,0.33,0.01,0.32,36.75,36.02,35.53,36.4,37.74
2025-03-26,37.57,37.63,37.4,37.48,691,37.03,36.28,35.64,36.39,37.71,86.75,91.23,90.37,0.4,0.08,0.32,37.03,36.28,35.64,36.39,37.71
2025-03-27,37.39,37.39,37.03,37.23,331,37.23,36.48,35.73,36.38,37.67,63.41,81.96,87.57,0.43,0.14,0.28,37.23,36.48,35.73,36.38,37.67
2025-03-28,37.26,37.38,37.1,37.31,553,37.34,36.7,35.84,36.38,37.64,57.47,73.8,82.98,0.44,0.2,0.24,37.34,36.7,35.84,36.38,37.64
2025-03-31,37.07,37.07,36.71,36.76,601,37.26,36.83,35.95,36.36,37.6,5.15,50.92,72.29,0.4,0.23,0.16,37.26,36.83,35.95,36.36,37.6
2025-04-01,37.01,37.19,36.78,36.78,295,37.11,36.93,36.07,36.34,37.56,7.61,36.48,60.35,0.36,0.26,0.1,37.11,36.93,36.07,36.34,37.56
2025-04-02,36.78,36.89,36.69,36.89,229,36.99,37.01,36.17,36.33,37.52,28.57,33.84,51.52,0.34,0.27,0.07,36.99,37.01,36.17,36.33,37.52
2025-04-07,31.84,34.98,31.84,34.83,1768,36.51,36.87,36.16,36.28,37.47,53.97,40.55,47.86,0.13,0.25,-0.11,36.51,36.87,36.16,36.28,37.47
2025-04-08,34.81,35.45,34.81,35.05,942,36.06,36.7,36.15,36.24,37.42,60.0,47.04,47.59,0.0,0.2,-0.2,36.06,36.7,36.15,36.24,37.42
2025-04-09,35.19,35.19,34.76,34.77,535,35.66,36.46,36.12,36.2,37.37,54.77,49.61,48.26,-0.12,0.14,-0.26,35.66,36.46,36.12,36.2,37.37
2025-04-10,36.6,36.7,36.09,36.24,846,35.56,36.33,36.18,36.18,37.34,87.13,62.12,52.88,-0.08,0.1,-0.18,35.56,36.33,36.18,36.18,37.34
2025-04-11,35.91,35.91,35.34,35.5,343,35.28,36.14,36.21,36.14,37.31,75.31,66.51,57.43,-0.12,0.06,-0.18,35.28,36.14,36.21,36.14,37.31
2025-04-14,36.67,36.67,35.51,35.79,225,35.47,35.99,36.24,36.11,37.27,53.09,62.04,58.96,-0.11,0.03,-0.15,35.47,35.99,36.24,36.11,37.27
2025-04-15,35.81,35.92,35.71,35.91,363,35.64,35.85,36.27,36.08,37.24,59.28,61.12,59.68,-0.1,0.01,-0.11,35.64,35.85,36.27,36.08,37.24
2025-04-16,35.99,36.19,35.89,36.03,325,35.89,35.78,36.31,36.07,37.2,50.74,57.66,59.01,-0.08,-0.01,-0.07,35.89,35.78,36.31,36.07,37.2
2025-04-17,36.01,36.32,36.01,36.3,283,35.91,35.73,36.33,36.05,37.17,72.18,62.5,60.17,-0.04,-0.01,-0.02,35.91,35.73,36.33,36.05,37.17
2025-04-18,36.81,37.28,36.81,37.24,429,36.25,35.77,36.39,36.06,37.15,97.74,74.25,64.86,0.08,0.0,0.07,36.25,35.77,36.39,36.06,37.15
2025-04-21,37.42,37.51,37.01,37.51,1039,36.6,36.03,36.45,36.07,37.13,100.0,82.83,70.85,0.18,0.03,0.15,36.6,36.03,36.45,36.07,37.13
2025-04-22,37.52,37.65,37.47,37.64,745,36.94,36.29,36.5,36.09,37.12,99.43,88.36,76.69,0.27,0.08,0.19,36.94,36.29,36.5,36.09,37.12
2025-04-23,37.85,38.0,37.6,37.6,583,37.26,36.58,36.52,36.1,37.11,79.9,85.54,79.64,0.32,0.12,0.2,37.26,36.58,36.52,36.1,37.11
2025-04-24,37.8,37.9,37.77,37.84,418,37.57,36.74,36.54,36.12,37.09,86.55,85.88,81.72,0.38,0.17,0.21,37.57,36.74,36.54,36.12,37.09
2025-04-25,37.92,38.06,37.46,37.49,1770,37.62,36.94,36.54,36.14,37.08,45.71,72.49,78.64,0.38,0.21,0.18,37.62,36.94,36.54,36.14,37.08
2025-04-28,37.64,38.22,37.64,38.22,1055,37.76,37.18,36.58,36.17,37.08,100.0,81.66,79.65,0.44,0.25,0.19,37.76,37.18,36.58,36.17,37.08
2025-04-29,38.22,38.3,38.12,38.15,1082,37.86,37.4,36.63,36.2,37.08,82.14,81.82,80.37,0.47,0.29,0.18,37.86,37.4,36.63,36.2,37.08
2025-04-30,38.15,38.15,37.7,37.82,541,37.9,37.58,36.68,36.22,37.07,42.86,68.83,76.53,0.46,0.32,0.14,37.9,37.58,36.68,36.22,37.07
2025-05-02,38.0,38.01,37.5,37.7,1267,37.88,37.72,36.73,36.25,37.06,28.57,55.41,69.49,0.43,0.34,0.09,37.88,37.72,36.73,36.25,37.06
2025-05-05,37.28,37.36,35.89,36.04,1179,37.59,37.6,36.68,36.23,37.04,6.22,39.02,59.33,0.26,0.33,-0.07,37.59,37.6,36.68,36.23,37.04
2025-05-06,36.04,36.6,35.7,36.28,863,37.2,37.48,36.76,36.21,37.02,22.31,33.45,50.7,0.15,0.29,-0.15,37.2,37.48,36.76,36.21,37.02
2025-05-07,36.28,36.32,36.0,36.19,442,36.81,37.33,36.81,36.2,37.01,20.0,28.96,43.46,0.06,0.25,-0.2,36.81,37.33,36.81,36.2,37.01
2025-05-08,36.22,36.69,36.14,36.36,310,36.51,37.21,36.89,36.19,37.0,28.57,28.83,38.58,0.0,0.21,-0.21,36.51,37.21,36.89,36.19,37.0
2025-05-09,35.85,35.85,35.23,35.3,1871,36.03,36.96,36.85,36.17,36.97,3.29,20.32,32.49,-0.13,0.14,-0.28,36.03,36.96,36.85,36.17,36.97
2025-05-12,35.41,36.54,35.41,36.51,1022,36.13,36.86,36.9,36.18,36.95,87.67,42.77,35.92,-0.12,0.1,-0.22,36.13,36.86,36.9,36.18,36.95
2025-05-13,36.97,36.97,36.48,36.56,657,36.18,36.69,36.93,36.18,36.94,76.44,53.99,41.94,-0.11,0.06,-0.17,36.18,36.69,36.93,36.18,36.94
2025-05-14,36.8,36.8,36.4,36.48,454,36.24,36.52,36.96,36.19,36.92,71.84,59.94,47.94,-0.11,0.03,-0.13,36.24,36.52,36.96,36.19,36.92
2025-05-15,36.48,36.48,36.07,36.35,299,36.24,36.38,36.98,36.19,36.91,64.37,61.42,52.43,-0.11,0.0,-0.11,36.24,36.38,36.98,36.19,36.91
2025-05-16,36.6,36.93,36.6,36.62,512,36.5,36.27,36.99,36.2,36.89,77.56,66.8,57.22,-0.09,-0.01,-0.08,36.5,36.27,36.99,36.2,36.89
2025-05-19,36.65,36.7,36.58,36.69,219,36.54,36.33,36.97,36.22,36.89,68.89,67.5,60.65,-0.07,-0.02,-0.04,36.54,36.33,36.97,36.22,36.89
2025-05-20,36.69,36.81,36.6,36.68,100,36.56,36.37,36.93,36.23,36.88,70.93,68.64,63.31,-0.05,-0.03,-0.02,36.56,36.37,36.93,36.23,36.88
2025-05-21,36.35,36.65,36.26,36.61,212,36.59,36.42,36.87,36.24,36.87,62.79,66.69,64.44,-0.04,-0.03,-0.01,36.59,36.42,36.87,36.24,36.87
2025-05-22,36.24,36.28,35.89,35.97,321,36.51,36.38,36.79,36.25,36.86,7.69,47.02,58.63,-0.09,-0.04,-0.05,36.51,36.38,36.79,36.25,36.86
2025-05-23,36.04,36.22,35.87,36.22,174,36.43,36.47,36.71,36.26,36.85,37.23,43.76,53.68,-0.1,-0.05,-0.05,36.43,36.47,36.71,36.26,36.85
2025-05-26,36.45,36.58,36.24,36.53,367,36.4,36.47,36.66,36.28,36.84,70.21,52.58,53.31,-0.09,-0.06,-0.03,36.4,36.47,36.66,36.28,36.84
2025-05-27,36.45,36.46,36.04,36.05,173,36.28,36.42,36.56,36.29,36.83,23.08,42.74,49.79,-0.11,-0.07,-0.04,36.28,36.42,36.56,36.29,36.83
2025-05-28,36.24,36.24,36.0,36.06,174,36.17,36.38,36.45,36.3,36.8,26.76,37.42,45.66,-0.13,-0.08,-0.05,36.17,36.38,36.45,36.3,36.8
2025-05-29,36.05,36.26,36.05,36.05,118,36.18,36.35,36.36,36.33,36.78,25.35,33.4,41.57,-0.14,-0.09,-0.05,36.18,36.35,36.36,36.33,36.78
2025-06-02,36.05,36.13,35.8,35.94,295,36.13,36.28,36.27,36.36,36.76,17.95,28.25,37.13,-0.15,-0.1,-0.05,36.13,36.28,36.27,36.36,36.76
2025-06-03,36.29,36.29,35.94,36.01,122,36.02,36.21,36.27,36.38,36.74,31.82,29.44,34.57,-0.16,-0.11,-0.04,36.02,36.21,36.27,36.38,36.74
2025-06-04,35.9,35.95,35.82,35.87,349,35.99,36.13,36.25,36.39,36.72,14.29,24.39,31.17,-0.17,-0.12,-0.05,35.99,36.13,36.25,36.39,36.72
2025-06-05,35.87,36.03,35.83,35.97,222,35.97,36.07,36.24,36.4,36.7,34.69,27.82,30.06,-0.16,-0.13,-0.03,35.97,36.07,36.24,36.4,36.7
2025-06-06,35.97,36.28,35.94,36.28,240,36.01,36.1,36.24,36.42,36.67,97.96,51.2,37.1,-0.13,-0.13,-0.0,36.01,36.1,36.24,36.42,36.67
2025-06-09,36.35,36.59,36.35,36.54,198,36.13,36.13,36.3,36.44,36.65,93.51,65.3,46.5,-0.08,-0.12,0.04,36.13,36.13,36.3,36.44,36.65
2025-06-10,36.54,36.58,36.48,36.51,127,36.23,36.13,36.3,36.47,36.64,89.61,73.41,55.47,-0.05,-0.11,0.06,36.23,36.13,36.3,36.47,36.64
2025-06-11,36.52,36.57,36.47,36.56,204,36.37,36.18,36.3,36.49,36.62,96.05,80.95,63.97,-0.02,-0.09,0.07,36.37,36.18,36.3,36.49,36.62
2025-06-12,36.56,36.57,36.28,36.29,307,36.44,36.2,36.29,36.51,36.59,53.85,71.92,66.62,-0.02,-0.08,0.06,36.44,36.2,36.29,36.51,36.59
2025-06-13,35.88,35.89,35.32,35.47,675,36.27,36.14,36.25,36.51,36.56,11.81,51.88,61.71,-0.09,-0.08,-0.01,36.27,36.14,36.25,36.51,36.56
2025-06-16,35.49,35.89,35.49,35.82,284,36.13,36.13,36.21,36.51,36.54,39.68,47.82,57.08,-0.11,-0.09,-0.02,36.13,36.13,36.21,36.51,36.54
2025-06-17,35.8,35.8,35.62,35.63,114,35.95,36.09,36.15,36.5,36.51,24.8,40.14,51.43,-0.14,-0.1,-0.04,35.95,36.09,36.15,36.5,36.51
2025-06-18,35.63,35.72,35.49,35.6,144,35.76,36.07,36.1,36.49,36.49,22.4,34.23,45.7,-0.16,-0.11,-0.05,35.76,36.07,36.1,36.49,36.49
2025-06-19,35.6,35.6,35.31,35.48,240,35.6,36.02,36.04,36.47,36.46,29.31,32.59,41.33,-0.19,-0.12,-0.06,35.6,36.02,36.04,36.47,36.46
2025-06-20,35.48,35.72,35.31,35.71,74,35.65,35.96,36.03,36.45,36.43,68.97,44.71,42.46,-0.18,-0.13,-0.05,35.65,35.96,36.03,36.45,36.43
2025-06-23,35.66,35.67,35.42,35.53,164,35.59,35.86,36.0,36.41,36.41,44.9,44.78,43.23,-0.19,-0.14,-0.05,35.59,35.86,36.0,36.41,36.41
2025-06-24,35.62,36.04,35.62,35.92,431,35.65,35.8,35.96,36.39,36.39,83.56,57.7,48.05,-0.16,-0.15,-0.01,35.65,35.8,35.96,36.39,36.39
2025-06-25,35.92,35.96,35.78,35.95,113,35.72,35.74,35.96,36.37,36.37,87.67,67.69,54.6,-0.13,-0.14,0.01,35.72,35.74,35.96,36.37,36.37
2025-06-26,35.97,36.0,35.84,35.9,388,35.8,35.7,35.95,36.34,36.36,80.82,72.07,60.42,-0.11,-0.14,0.03,35.8,35.7,35.95,36.34,36.36
2025-06-27,36.2,36.35,36.1,36.11,344,35.88,35.76,35.95,36.33,36.35,74.19,72.78,64.54,-0.08,-0.13,0.05,35.88,35.76,35.95,36.33,36.35
2025-06-30,36.33,36.38,36.2,36.27,364,36.03,35.81,35.97,36.32,36.33,85.53,77.03,68.7,-0.04,-0.11,0.07,36.03,35.81,35.97,36.32,36.33
2025-07-01,36.27,36.27,36.16,36.2,170,36.09,35.87,35.98,36.31,36.32,70.0,74.68,70.7,-0.01,-0.09,0.08,36.09,35.87,35.98,36.31,36.32
2025-07-02,36.2,36.2,36.03,36.08,96,36.11,35.92,35.99,36.33,36.31,44.44,64.6,68.67,-0.0,-0.08,0.07,36.11,35.92,35.99,36.33,36.31
2025-07-03,36.03,36.03,35.75,35.9,256,36.11,35.96,35.99,36.35,36.29,23.81,51.01,62.78,-0.01,-0.06,0.05,36.11,35.96,35.99,36.35,36.29
2025-07-04,35.8,35.81,35.66,35.7,207,36.03,35.96,35.96,36.36,36.28,5.56,35.86,53.81,-0.04,-0.06,0.02,36.03,35.96,35.96,36.36,36.28
2025-07-07,35.78,36.02,35.78,35.92,231,35.96,35.99,35.93,36.36,36.27,42.62,38.11,48.57,-0.04,-0.06,0.02,35.96,35.99,35.93,36.36,36.27
2025-07-08,35.96,35.99,35.86,35.98,40,35.92,36.0,35.9,36.37,36.25,59.26,45.16,47.44,-0.03,-0.05,0.02,35.92,36.0,35.9,36.37,36.25
2025-07-09,36.02,36.11,36.0,36.11,123,35.92,36.02,35.88,36.37,36.24,100.0,63.44,52.77,-0.01,-0.04,0.03,35.92,36.02,35.88,36.37,36.24
2025-07-10,36.11,36.34,36.11,36.15,534,35.97,36.04,35.87,36.37,36.23,72.06,66.31,57.29,0.0,-0.04,0.04,35.97,36.04,35.87,36.37,36.23
2025-07-11,36.15,36.15,35.87,35.87,196,36.01,36.02,35.89,36.37,36.22,16.07,49.57,54.71,-0.01,-0.03,0.02,36.01,36.02,35.89,36.37,36.22
2025-07-14,35.86,35.86,35.62,35.66,90,35.95,35.96,35.88,36.36,36.21,5.56,34.9,48.11,-0.04,-0.03,-0.0,35.95,35.96,35.88,36.36,36.21
2025-07-15,35.66,36.01,35.66,35.9,97,35.94,35.93,35.9,36.34,36.2,38.89,36.23,44.15,-0.03,-0.03,-0.0,35.94,35.93,35.9,36.34,36.2
2025-07-16,35.9,35.99,35.81,35.85,133,35.89,35.9,35.91,36.31,36.19,31.94,34.8,41.03,-0.04,-0.03,-0.0,35.89,35.9,35.91,36.31,36.19
2025-07-17,36.0,36.12,35.97,36.0,181,35.86,35.91,35.94,36.28,36.19,71.7,47.1,43.05,-0.03,-0.03,0.01,35.86,35.91,35.94,36.28,36.19
2025-07-18,36.0,36.11,35.56,35.59,314,35.8,35.9,35.93,36.25,36.18,5.36,33.19,39.76,-0.05,-0.04,-0.02,35.8,35.9,35.93,36.25,36.18
2025-07-21,35.59,35.63,35.4,35.63,209,35.79,35.87,35.93,36.21,36.17,31.94,32.77,37.43,-0.07,-0.04,-0.03,35.79,35.87,35.93,36.21,36.17
2025-07-22,35.63,35.8,35.63,35.71,80,35.76,35.85,35.92,36.18,36.16,43.06,36.2,37.02,-0.07,-0.05,-0.02,35.76,35.85,35.92,36.18,36.16
2025-07-23,35.71,35.79,35.67,35.7,179,35.73,35.81,35.91,36.14,36.16,41.67,38.02,37.36,-0.07,-0.05,-0.02,35.73,35.81,35.91,36.14,36.16
2025-07-24,35.72,35.87,35.72,35.75,136,35.68,35.77,35.9,36.1,36.15,49.3,41.78,38.83,-0.07,-0.05,-0.01,35.68,35.77,35.9,36.1,36.15
2025-07-25,35.7,35.7,35.39,35.41,393,35.64,35.72,35.87,36.06,36.14,4.17,29.24,35.63,-0.09,-0.06,-0.03,35.64,35.72,35.87,36.06,36.14
2025-07-28,35.85,35.85,35.35,35.53,244,35.62,35.71,35.83,36.03,36.14,34.62,31.03,34.1,-0.1,-0.07,-0.03,35.62,35.71,35.83,36.03,36.14
2025-07-29,35.35,35.4,35.26,35.34,216,35.55,35.65,35.79,36.01,36.12,13.11,25.06,31.09,-0.12,-0.08,-0.04,35.55,35.65,35.79,36.01,36.12
2025-07-30,35.36,35.49,35.36,35.4,150,35.49,35.61,35.76,36.0,36.11,22.95,24.36,28.84,-0.13,-0.09,-0.04,35.49,35.61,35.76,36.0,36.11
2025-07-31,35.4,35.4,35.06,35.25,297,35.39,35.53,35.72,35.98,36.09,24.05,24.26,27.31,-0.14,-0.1,-0.05,35.39,35.53,35.72,35.98,36.09
2025-08-01,35.4,35.99,35.29,35.48,229,35.4,35.52,35.71,35.97,36.08,45.16,31.22,28.62,-0.13,-0.1,-0.03,35.4,35.52,35.71,35.97,36.08
2025-08-04,35.4,35.4,35.1,35.17,217,35.33,35.47,35.67,35.97,36.07,11.83,24.76,27.33,-0.15,-0.11,-0.04,35.33,35.47,35.67,35.97,36.07
2025-08-05,35.41,35.41,35.06,35.07,315,35.27,35.41,35.63,35.94,36.06,1.08,16.86,23.84,-0.17,-0.12,-0.05,35.27,35.41,35.63,35.94,36.06
2025-08-06,35.07,35.21,35.05,35.06,178,35.21,35.35,35.58,35.92,36.05,1.06,11.6,19.76,-0.18,-0.13,-0.05,35.21,35.35,35.58,35.92,36.05
2025-08-07,34.99,34.99,34.8,34.81,630,35.12,35.25,35.51,35.89,36.04,0.84,8.01,15.84,-0.21,-0.15,-0.06,35.12,35.25,35.51,35.89,36.04
2025-08-08,34.81,35.03,34.8,34.82,309,34.99,35.19,35.46,35.86,36.03,3.28,6.43,12.71,-0.22,-0.16,-0.06,34.99,35.19,35.46,35.86,36.03
2025-08-11,34.91,34.91,34.81,34.88,291,34.93,35.13,35.42,35.84,36.02,13.11,8.66,11.36,-0.23,-0.17,-0.05,34.93,35.13,35.42,35.84,36.02
2025-08-12,34.92,35.33,34.92,35.21,210,34.96,35.12,35.38,35.81,36.01,77.36,31.56,18.09,-0.19,-0.18,-0.02,34.96,35.12,35.38,35.81,36.01
2025-08-13,35.21,35.27,35.19,35.27,149,35.0,35.1,35.35,35.79,36.01,88.68,50.6,28.93,-0.16,-0.17,0.01,35.0,35.1,35.35,35.79,36.01
2025-08-14,35.23,35.31,35.21,35.3,90,35.1,35.11,35.32,35.77,36.0,94.34,65.18,41.01,-0.13,-0.17,0.03,35.1,35.11,35.32,35.77,36.0
2025-08-15,35.3,35.3,35.15,35.29,111,35.19,35.09,35.3,35.75,36.0,92.31,74.22,52.08,-0.11,-0.16,0.04,35.19,35.09,35.3,35.75,36.0
2025-08-18,35.29,35.88,35.29,35.82,434,35.38,35.15,35.31,35.75,36.0,93.75,80.73,61.63,-0.05,-0.14,0.09,35.38,35.15,35.31,35.75,36.0
2025-08-19,35.82,35.82,35.71,35.73,244,35.48,35.22,35.31,35.73,36.01,79.45,80.31,67.86,-0.01,-0.11,0.11,35.48,35.22,35.31,35.73,36.01
2025-08-20,35.75,35.99,35.75,35.99,409,35.63,35.31,35.33,35.73,36.01,100.0,86.87,74.19,0.05,-0.08,0.13,35.63,35.31,35.33,35.73,36.01
2025-08-21,36.0,36.49,36.0,36.49,512,35.86,35.48,35.37,35.74,36.02,100.0,91.25,79.88,0.13,-0.05,0.17,35.86,35.48,35.37,35.74,36.02
2025-08-22,36.49,36.49,36.19,36.24,587,36.05,35.62,35.41,35.74,36.04,79.17,87.22,82.33,0.16,-0.01,0.17,36.05,35.62,35.41,35.74,36.04
2025-08-25,36.24,36.3,36.1,36.15,225,36.12,35.75,35.44,35.75,36.05,56.41,76.95,80.53,0.18,0.03,0.15,36.12,35.75,35.44,35.75,36.05
2025-08-26,36.15,36.15,35.78,35.82,304,36.14,35.81,35.46,35.74,36.06,9.46,54.45,71.84,0.16,0.05,0.11,36.14,35.81,35.46,35.74,36.06
2025-08-27,35.79,35.85,35.72,35.75,210,36.09,35.86,35.48,35.74,36.07,3.9,37.6,60.43,0.14,0.07,0.07,36.09,35.86,35.48,35.74,36.07
2025-08-28,35.75,35.88,35.55,35.62,962,35.92,35.89,35.5,35.74,36.07,7.45,27.55,49.47,0.11,0.07,0.03,35.92,35.89,35.5,35.74,36.07
2025-08-29,35.62,35.62,35.46,35.5,304,35.77,35.91,35.5,35.72,36.07,4.76,19.95,39.63,0.07,0.07,-0.0,35.77,35.91,35.5,35.72,36.07
2025-09-01,35.31,35.5,35.31,35.45,167,35.63,35.87,35.51,35.7,36.07,16.67,18.86,32.71,0.04,0.07,-0.03,35.63,35.87,35.51,35.7,36.07
2025-09-02,35.5,35.87,35.5,35.87,483,35.64,35.89,35.55,35.69,36.08,98.25,45.32,36.91,0.05,0.06,-0.01,35.64,35.89,35.55,35.69,36.08
2025-09-03,35.78,35.78,35.69,35.73,393,35.63,35.86,35.59,35.68,36.09,73.68,54.78,42.87,0.05,0.06,-0.01,35.63,35.86,35.59,35.68,36.09
2025-09-04,35.75,36.1,35.75,35.98,331,35.71,35.81,35.65,35.68,36.09,84.81,64.79,50.17,0.07,0.06,0.0,35.71,35.81,35.65,35.68,36.09
2025-09-05,35.98,35.98,35.5,35.56,646,35.72,35.74,35.68,35.68,36.09,31.65,53.74,51.36,0.04,0.06,-0.02,35.72,35.74,35.68,35.68,36.09
2025-09-08,35.65,35.75,35.56,35.63,223,35.75,35.69,35.72,35.67,36.09,21.67,43.05,48.59,0.03,0.05,-0.02,35.75,35.69,35.72,35.67,36.09
2025-09-09,35.63,35.63,35.54,35.54,375,35.69,35.66,35.74,35.67,36.09,6.67,30.92,42.7,0.01,0.05,-0.03,35.69,35.66,35.74,35.67,36.09
2025-09-10,35.54,35.73,35.54,35.7,442,35.68,35.66,35.76,35.67,36.08,33.33,31.73,39.04,0.01,0.04,-0.03,35.68,35.66,35.76,35.67,36.08
2025-09-11,35.75,35.75,35.67,35.68,210,35.62,35.66,35.78,35.68,36.07,37.5,33.65,37.24,0.01,0.03,-0.02,35.62,35.66,35.78,35.68,36.07
2025-09-12,35.77,35.83,35.73,35.82,456,35.67,35.7,35.8,35.68,36.06,96.55,54.62,43.04,0.02,0.03,-0.01,35.67,35.7,35.8,35.68,36.06
2025-09-15,35.83,35.91,35.83,35.88,246,35.72,35.74,35.81,35.68,36.05,91.89,67.04,51.04,0.03,0.03,0.0,35.72,35.74,35.81,35.68,36.05
2025-09-16,35.88,35.88,35.76,35.85,362,35.79,35.74,35.81,35.68,36.04,83.78,72.62,58.23,0.04,0.03,0.01,35.79,35.74,35.81,35.68,36.04
2025-09-17,35.85,35.95,35.82,35.88,555,35.82,35.75,35.81,35.68,36.02,75.0,73.42,63.29,0.05,0.04,0.01,35.82,35.75,35.81,35.68,36.02
2025-09-18,35.9,36.12,35.9,36.12,757,35.91,35.77,35.79,35.69,36.01,100.0,82.28,69.62,0.07,0.04,0.03,35.91,35.77,35.79,35.69,36.01
2025-09-19,36.12,36.12,35.88,35.94,286,35.93,35.8,35.77,35.68,36.01,50.0,71.52,70.25,0.07,0.05,0.03,35.93,35.8,35.77,35.68,36.01
2025-09-22,36.1,36.1,35.94,36.0,373,35.96,35.84,35.77,35.68,36.0,66.67,69.9,70.14,0.08,0.05,0.02,35.96,35.84,35.77,35.68,36.0
2025-09-23,35.99,35.99,35.63,35.65,241,35.92,35.85,35.76,35.67,35.99,4.08,47.96,62.74,0.05,0.05,-0.0,35.92,35.85,35.76,35.67,35.99
2025-09-24,35.6,35.63,35.55,35.57,244,35.86,35.84,35.75,35.66,36.0,3.51,33.14,52.88,0.02,0.05,-0.03,35.86,35.84,35.75,35.66,36.0
2025-09-25,35.6,35.76,35.51,35.53,187,35.74,35.82,35.74,35.66,36.0,3.28,23.19,42.98,-0.0,0.04,-0.04,35.74,35.82,35.74,35.66,36.0
2025-09-26,35.53,35.68,35.45,35.51,242,35.65,35.79,35.74,35.65,36.01,9.23,18.54,34.83,-0.02,0.03,-0.05,35.65,35.79,35.74,35.65,36.01
2025-09-30,35.44,35.44,34.63,35.13,939,35.48,35.72,35.73,35.64,36.0,36.76,24.61,31.43,-0.07,0.01,-0.08,35.48,35.72,35.73,35.64,36.0
